{"cameraMode":{"drawMode":0,"name":"Shaded","section":"Shading Mode"},"sceneLighting":false,"audioPlay":false,"sceneViewState":{"showFog":false,"showMaterialUpdate":false,"showSkybox":false,"showFlares":false,"showImageEffects":false,"showParticleSystems":false},"in2DMode":false,"pivot":{"x":-0.084986612200737,"y":-0.02400556579232216,"z":0.0027181757614016535},"rotation":{"x":0.05608066916465759,"y":-0.6921496987342835,"z":0.05409820377826691,"w":0.7175403237342835},"size":0.15744037926197053,"orthographic":false}