{"cameraMode":{"drawMode":0,"name":"Shaded","section":"Shading Mode"},"sceneLighting":false,"audioPlay":false,"sceneViewState":{"showFog":false,"showMaterialUpdate":false,"showSkybox":false,"showFlares":false,"showImageEffects":false,"showParticleSystems":false},"in2DMode":false,"pivot":{"x":3.2594664096832277,"y":1.2937887907028199,"z":18.137563705444337},"rotation":{"x":0.000019276618331787176,"y":-0.9997671842575073,"z":0.00089783885050565,"w":0.021609850227832795},"size":1.3441133499145508,"orthographic":false}