{"cameraMode":{"drawMode":0,"name":"Shaded","section":"Shading Mode"},"sceneLighting":false,"audioPlay":false,"sceneViewState":{"showFog":false,"showMaterialUpdate":false,"showSkybox":false,"showFlares":false,"showImageEffects":false,"showParticleSystems":false},"in2DMode":false,"pivot":{"x":0.6729497909545898,"y":-0.5562751293182373,"z":-0.6276527643203735},"rotation":{"x":0.24790605902671815,"y":0.5639932155609131,"z":-0.18246623873710633,"w":0.7662639617919922},"size":1.0618727207183838,"orthographic":false}