{"cameraMode":{"drawMode":0,"name":"Shaded","section":"Shading Mode"},"sceneLighting":false,"audioPlay":false,"sceneViewState":{"showFog":false,"showMaterialUpdate":false,"showSkybox":false,"showFlares":false,"showImageEffects":false,"showParticleSystems":false},"in2DMode":false,"pivot":{"x":-0.4722561836242676,"y":3.5998566150665285,"z":-2.0048203468322756},"rotation":{"x":-0.04574081674218178,"y":-0.8470066785812378,"z":0.07387619465589524,"w":-0.5244325399398804},"size":0.6749141216278076,"orthographic":false}