{"cameraMode":{"drawMode":0,"name":"Shaded","section":"Shading Mode"},"sceneLighting":false,"audioPlay":false,"sceneViewState":{"showFog":false,"showMaterialUpdate":false,"showSkybox":false,"showFlares":false,"showImageEffects":false,"showParticleSystems":false},"in2DMode":false,"pivot":{"x":0.003738194704055786,"y":0.01335802674293518,"z":-0.033847980201244357},"rotation":{"x":0.1716807633638382,"y":0.32626640796661379,"z":-0.060367364436388019,"w":0.9276300668716431},"size":0.06093095615506172,"orthographic":false}