{"cameraMode":{"drawMode":0,"name":"Shaded","section":"Shading Mode"},"sceneLighting":false,"audioPlay":false,"sceneViewState":{"showFog":false,"showMaterialUpdate":false,"showSkybox":false,"showFlares":false,"showImageEffects":false,"showParticleSystems":false},"in2DMode":false,"pivot":{"x":2.469336986541748,"y":0.4627663493156433,"z":22.919580459594728},"rotation":{"x":-0.15986669063568116,"y":0.8172165155410767,"z":-0.2703634798526764,"w":-0.48322221636772158},"size":0.43844401836395266,"orthographic":false}