{"cameraMode":{"drawMode":0,"name":"Shaded","section":"Shading Mode"},"sceneLighting":false,"audioPlay":false,"sceneViewState":{"showFog":false,"showMaterialUpdate":false,"showSkybox":false,"showFlares":false,"showImageEffects":false,"showParticleSystems":false},"in2DMode":false,"pivot":{"x":-0.346147745847702,"y":0.8897377848625183,"z":22.299522399902345},"rotation":{"x":0.03000950627028942,"y":-0.9699567556381226,"z":0.17499977350234986,"w":0.16632327437400819},"size":2.5419187545776369,"orthographic":false}