{"cameraMode":{"drawMode":0,"name":"Shaded","section":"Shading Mode"},"sceneLighting":false,"audioPlay":false,"sceneViewState":{"showFog":false,"showMaterialUpdate":false,"showSkybox":false,"showFlares":false,"showImageEffects":false,"showParticleSystems":false},"in2DMode":false,"pivot":{"x":0.25726163387298586,"y":0.2851734757423401,"z":-0.04109855368733406},"rotation":{"x":-0.10859088599681854,"y":0.7185769081115723,"z":-0.11522745341062546,"w":-0.6771945953369141},"size":0.512783408164978,"orthographic":false}