{"cameraMode":{"drawMode":0,"name":"Shaded","section":"Shading Mode"},"sceneLighting":true,"audioPlay":false,"sceneViewState":{"showFog":false,"showMaterialUpdate":false,"showSkybox":false,"showFlares":false,"showImageEffects":false,"showParticleSystems":false},"in2DMode":false,"pivot":{"x":5.217676162719727,"y":5.764797210693359,"z":14.124967575073243},"rotation":{"x":0.2038981169462204,"y":0.7937851548194885,"z":-0.36972910165786745,"w":0.43775978684425356},"size":3.44191837310791,"orthographic":false}