{"cameraMode":{"drawMode":0,"name":"Shaded","section":"Shading Mode"},"sceneLighting":false,"audioPlay":false,"sceneViewState":{"showFog":false,"showMaterialUpdate":false,"showSkybox":false,"showFlares":false,"showImageEffects":false,"showParticleSystems":false},"in2DMode":false,"pivot":{"x":168.1845703125,"y":190.73568725585938,"z":34.910430908203128},"rotation":{"x":-0.0998784676194191,"y":0.12250984460115433,"z":-0.012372185476124287,"w":-0.9873804450035095},"size":145.88546752929688,"orthographic":false}