{"cameraMode":{"drawMode":0,"name":"Shaded","section":"Shading Mode"},"sceneLighting":false,"audioPlay":false,"sceneViewState":{"showFog":true,"showMaterialUpdate":false,"showSkybox":false,"showFlares":true,"showImageEffects":true,"showParticleSystems":true},"in2DMode":false,"pivot":{"x":0.11850452423095703,"y":0.3868446946144104,"z":0.34074410796165469},"rotation":{"x":-0.33256444334983828,"y":0.08608824759721756,"z":-0.030512750148773195,"w":-0.938656210899353},"size":2.1000173091888429,"orthographic":false}